<?xml version="1.0" encoding="UTF-8"?>
<project-private xmlns="http://www.netbeans.org/ns/project-private/1">
    <editor-bookmarks xmlns="http://www.netbeans.org/ns/editor-bookmarks/2" lastBookmarkId="0"/>
    <open-files xmlns="http://www.netbeans.org/ns/projectui-open-files/2">
        <group>
            <file>file:/C:/Users/manojlovic/Documents/NetBeansProjects/KI204/KI401Projekat_V8/web/welcomePrimefaces.xhtml</file>
            <file>file:/C:/Users/manojlovic/Documents/NetBeansProjects/KI204/KI401Projekat_V8/web/index.xhtml</file>
            <file>file:/C:/Users/manojlovic/Documents/NetBeansProjects/KI204/KI401Projekat_V8/web/adminLogin/List.xhtml</file>
            <file>file:/C:/Users/manojlovic/Documents/NetBeansProjects/KI204/KI401Projekat_V8/src/java/com/manojlovic/jsf/UserLoginView.java</file>
            <file>file:/C:/Users/manojlovic/Documents/NetBeansProjects/KI204/KI401Projekat_V8/web/template.xhtml</file>
            <file>file:/C:/Users/manojlovic/Documents/NetBeansProjects/KI204/KI401Projekat_V8/web/loginDemo.xhtml</file>
        </group>
    </open-files>
</project-private>
